Iteration,Solution
0,1,1000,1204,0.08125
1,2,2000,4698,0.1375
2,3,3000,11092,0.2125
3,4,4000,20209,0.26875
